{
   "html_attributions" : [],
   "results" : [
      {
         "business_status" : "OPERATIONAL",
         "geometry" : {
            "location" : {
               "lat" : 35.6741844,
               "lng" : 139.768694
            },
            "viewport" : {
               "northeast" : {
                  "lat" : 35.6756457802915,
                  "lng" : 139.7698872302915
               },
               "southwest" : {
                  "lat" : 35.6729478197085,
                  "lng" : 139.7671892697085
               }
            }
         },
         "icon" : "https://maps.gstatic.com/mapfiles/place_api/icons/restaurant-71.png",
         "id" : "a57362cc8554b452a9e9c173cc9c2c9163eeb2bf",
         "name" : "Delice tart and Cafe Ginza",
         "opening_hours" : {
            "open_now" : true
         },
         "photos" : [
            {
               "height" : 3024,
               "html_attributions" : [
                  "\u003ca href=\"https://maps.google.com/maps/contrib/104102896474340127055\"\u003ekajuboh OK\u003c/a\u003e"
               ],
               "photo_reference" : "CmRaAAAAA9LAyIIHNpDlvtvgMrl9pAO5w_S7WvBo3JCkRSw5Df7q9SrOjC8DDHfSw-ypEVDPWRlPq3-2RyOW0-2uMED0bq0DHQE3JwyCgG5zHXwRj2DxXjvF4kJ4Ek6MNMmDorWsEhA6ZKPWKk9bpKHzqTV_A7u1GhRpbkb40gsBMuzCieFPSfQIDSPeWQ",
               "width" : 4032
            }
         ],
         "place_id" : "ChIJCQ5F7OOLGGARnGYX8TNaftQ",
         "plus_code" : {
            "compound_code" : "MQF9+MF Chuo City, Tokyo, Japan",
            "global_code" : "8Q7XMQF9+MF"
         },
         "price_level" : 2,
         "rating" : 3.7,
         "reference" : "ChIJCQ5F7OOLGGARnGYX8TNaftQ",
         "scope" : "GOOGLE",
         "types" : [
            "restaurant",
            "bakery",
            "cafe",
            "food",
            "point_of_interest",
            "store",
            "establishment"
         ],
         "user_ratings_total" : 56,
         "vicinity" : "KIRARITO GINNZA, Ｆ, 1 Chome-8−１９ Ginza, Chuo City"
      },
      {
         "business_status" : "OPERATIONAL",
         "geometry" : {
            "location" : {
               "lat" : 35.6808941,
               "lng" : 139.7663808
            },
            "viewport" : {
               "northeast" : {
                  "lat" : 35.68224308029149,
                  "lng" : 139.7677297802915
               },
               "southwest" : {
                  "lat" : 35.6795451197085,
                  "lng" : 139.7650318197085
               }
            }
         },
         "icon" : "https://maps.gstatic.com/mapfiles/place_api/icons/restaurant-71.png",
         "id" : "3eb93610c91718f30d410736a23e910242ff4dec",
         "name" : "Mame-Ichizu",
         "opening_hours" : {
            "open_now" : true
         },
         "photos" : [
            {
               "height" : 3024,
               "html_attributions" : [
                  "\u003ca href=\"https://maps.google.com/maps/contrib/109209463059424579322\"\u003eトローチフリスク\u003c/a\u003e"
               ],
               "photo_reference" : "CmRaAAAA_B1-TvjUdZfViVIZ_l5lzP8VhuiS34QfSx4IpdFKGXoE_hYH_7kNLp0WirQnucZ4rBSE25U6pz3MZKcsmNJwWNm7Vd4d7Vrzi5nrHSwnHmWP6nmDqggNdFlgUFw44xwfEhBw4Hcscl40-gj4nnM34fvEGhTm0v6jXoEI1EJtMQ_eDmkukHfpdQ",
               "width" : 4032
            }
         ],
         "place_id" : "ChIJtxODuv6LGGARwhXN9xLtpm4",
         "plus_code" : {
            "compound_code" : "MQJ8+9H Chiyoda City, Tokyo, Japan",
            "global_code" : "8Q7XMQJ8+9H"
         },
         "price_level" : 2,
         "rating" : 4,
         "reference" : "ChIJtxODuv6LGGARwhXN9xLtpm4",
         "scope" : "GOOGLE",
         "types" : [ "bakery", "food", "point_of_interest", "store", "establishment" ],
         "user_ratings_total" : 125,
         "vicinity" : "1 Chome-9-1 Marunouchi, Chiyoda City"
      },
      {
         "business_status" : "OPERATIONAL",
         "geometry" : {
            "location" : {
               "lat" : 35.6711336,
               "lng" : 139.765484
            },
            "viewport" : {
               "northeast" : {
                  "lat" : 35.67248258029149,
                  "lng" : 139.7668329802915
               },
               "southwest" : {
                  "lat" : 35.66978461970849,
                  "lng" : 139.7641350197085
               }
            }
         },
         "icon" : "https://maps.gstatic.com/mapfiles/place_api/icons/restaurant-71.png",
         "id" : "fe74e32a4fba6a66486c6293a0d8ecf3cf57b75e",
         "name" : "ル・ブラン 銀座店",
         "opening_hours" : {
            "open_now" : true
         },
         "photos" : [
            {
               "height" : 3464,
               "html_attributions" : [
                  "\u003ca href=\"https://maps.google.com/maps/contrib/103402203620008978048\"\u003etomo miya\u003c/a\u003e"
               ],
               "photo_reference" : "CmRaAAAAbV8YtJxuL6LuAwOag8UsSdLitnm1Z_h8BXbf89X6s84JQ9BA12Gz03FwNv32lNMFZLLVLPREPmBAir8mTtVDB8H2mTzag2aRRas2lOJ1kRtdCej3XGtImQrBlUK1rytsEhA7zNXytN6H5JRqTP1U1yGwGhTEQ3dHMReuc8AGNuq5ps-vH4V1vw",
               "width" : 4618
            }
         ],
         "place_id" : "ChIJMWRaieaLGGARJIIxQMhiz3Y",
         "plus_code" : {
            "compound_code" : "MQC8+F5 Chuo City, Tokyo, Japan",
            "global_code" : "8Q7XMQC8+F5"
         },
         "price_level" : 2,
         "rating" : 4.1,
         "reference" : "ChIJMWRaieaLGGARJIIxQMhiz3Y",
         "scope" : "GOOGLE",
         "types" : [
            "bakery",
            "restaurant",
            "food",
            "point_of_interest",
            "store",
            "establishment"
         ],
         "user_ratings_total" : 64,
         "vicinity" : "中央区銀座４丁目６−１１, 6, Chuo City"
      },
      {
         "business_status" : "OPERATIONAL",
         "geometry" : {
            "location" : {
               "lat" : 35.6818618,
               "lng" : 139.7689307
            },
            "viewport" : {
               "northeast" : {
                  "lat" : 35.6832107802915,
                  "lng" : 139.7702796802915
               },
               "southwest" : {
                  "lat" : 35.6805128197085,
                  "lng" : 139.7675817197085
               }
            }
         },
         "icon" : "https://maps.gstatic.com/mapfiles/place_api/icons/restaurant-71.png",
         "id" : "d0963e74c06fa2f2c644448faf3fdfd9e63f6171",
         "name" : "銀のぶどう",
         "opening_hours" : {
            "open_now" : true
         },
         "photos" : [
            {
               "height" : 3259,
               "html_attributions" : [
                  "\u003ca href=\"https://maps.google.com/maps/contrib/116681112326941768299\"\u003eKoji Ebata\u003c/a\u003e"
               ],
               "photo_reference" : "CmRaAAAAzHmXgWW6gD0askLZbwfs8goCwkE2kHEhEw28GQEg6E98ZI-12W8FFCwgBkQfEPXeAX6r1tBQYEE3tjp2ZGT0oComza7rg1wZrXnMr_rv825fBzoRWqO5hAvuIdRL4xuZEhD8Z7eBecV7Wmjiaz_ykj18GhSEQ5KpQMCP40x0r2dk1dZUUJcchA",
               "width" : 4650
            }
         ],
         "place_id" : "ChIJGeYlX_mLGGARggrFT7goWys",
         "plus_code" : {
            "compound_code" : "MQJ9+PH Chiyoda City, Tokyo, Japan",
            "global_code" : "8Q7XMQJ9+PH"
         },
         "rating" : 4.3,
         "reference" : "ChIJGeYlX_mLGGARggrFT7goWys",
         "scope" : "GOOGLE",
         "types" : [ "bakery", "food", "point_of_interest", "store", "establishment" ],
         "user_ratings_total" : 49,
         "vicinity" : "大丸東京店 1F, 1 Chome-9−１ Marunouchi, Chiyoda City"
      },
      {
         "business_status" : "OPERATIONAL",
         "geometry" : {
            "location" : {
               "lat" : 35.676179,
               "lng" : 139.7621142
            },
            "viewport" : {
               "northeast" : {
                  "lat" : 35.6775279802915,
                  "lng" : 139.7634631802915
               },
               "southwest" : {
                  "lat" : 35.6748300197085,
                  "lng" : 139.7607652197085
               }
            }
         },
         "icon" : "https://maps.gstatic.com/mapfiles/place_api/icons/restaurant-71.png",
         "id" : "ecde8042b503ba4354f105c1da8d2137026168a9",
         "name" : "Patisserie Sadaharu Aoki Paris Marunouchi Store",
         "opening_hours" : {
            "open_now" : true
         },
         "photos" : [
            {
               "height" : 1532,
               "html_attributions" : [
                  "\u003ca href=\"https://maps.google.com/maps/contrib/104469118494329226252\"\u003eStephane Ancora\u003c/a\u003e"
               ],
               "photo_reference" : "CmRaAAAAM11SMrgXP2q0yVPTiUAjqnQfdU0ThxsyGKObEoxytGbJAf9T7KXP2X5rKUQr72bGuGlrOFMzb-mezlGl8extCJ6CEm9LhbedTKEk7iF-VJQQlhLeTLB7CVvgFbpJRlq7EhDNMNKr4MYob5yL3rmEC0SGGhSF2i8aBE1g-JvLaHMejkKhWYg9zQ",
               "width" : 2048
            }
         ],
         "place_id" : "ChIJSZ4ycvCLGGARM0zuXcVPA4I",
         "plus_code" : {
            "compound_code" : "MQG6+FR Chiyoda City, Tokyo, Japan",
            "global_code" : "8Q7XMQG6+FR"
         },
         "rating" : 4.2,
         "reference" : "ChIJSZ4ycvCLGGARM0zuXcVPA4I",
         "scope" : "GOOGLE",
         "types" : [ "bakery", "food", "point_of_interest", "store", "establishment" ],
         "user_ratings_total" : 350,
         "vicinity" : "新国際ビル, 3 Chome-4−１ Marunouchi, Chiyoda City"
      },
      {
         "business_status" : "OPERATIONAL",
         "geometry" : {
            "location" : {
               "lat" : 35.67207309999999,
               "lng" : 139.7662071
            },
            "viewport" : {
               "northeast" : {
                  "lat" : 35.67342208029149,
                  "lng" : 139.7675560802915
               },
               "southwest" : {
                  "lat" : 35.67072411970849,
                  "lng" : 139.7648581197085
               }
            }
         },
         "icon" : "https://maps.gstatic.com/mapfiles/place_api/icons/shopping-71.png",
         "id" : "5e56d47e62787c9e4a226d0d840758fa9418509d",
         "name" : "La Maison du chocolat",
         "opening_hours" : {
            "open_now" : true
         },
         "photos" : [
            {
               "height" : 1920,
               "html_attributions" : [
                  "\u003ca href=\"https://maps.google.com/maps/contrib/101366655668820720129\"\u003eハードゲイ\u003c/a\u003e"
               ],
               "photo_reference" : "CmRaAAAA9n_dupvkQf3yYI_k81ooCNF_4TYu91vO9oXRHSyfUm2XRVAmEk9ow2A21iMrtm9FVv5RwdBO6n9qlcj9Jec_AQz-Jl-YfGc0BL58wNcYbtvukz0UjBmN0UxwH9pbn3ZiEhAycP17vTKmaeubYi9yNzuNGhQEGmYbAc1PZJtTICxB7VRupPP6gQ",
               "width" : 1080
            }
         ],
         "place_id" : "ChIJm88ToeaLGGARs78BuSONmGs",
         "plus_code" : {
            "compound_code" : "MQC8+RF Chuo City, Tokyo, Japan",
            "global_code" : "8Q7XMQC8+RF"
         },
         "price_level" : 1,
         "rating" : 4,
         "reference" : "ChIJm88ToeaLGGARs78BuSONmGs",
         "scope" : "GOOGLE",
         "types" : [ "bakery", "food", "point_of_interest", "store", "establishment" ],
         "user_ratings_total" : 33,
         "vicinity" : "松屋銀座地下 1階, 3 Chome-6−１ Ginza, Chuo City"
      },
      {
         "business_status" : "OPERATIONAL",
         "geometry" : {
            "location" : {
               "lat" : 35.6789074,
               "lng" : 139.7630094
            },
            "viewport" : {
               "northeast" : {
                  "lat" : 35.6802563802915,
                  "lng" : 139.7643583802915
               },
               "southwest" : {
                  "lat" : 35.6775584197085,
                  "lng" : 139.7616604197085
               }
            }
         },
         "icon" : "https://maps.gstatic.com/mapfiles/place_api/icons/restaurant-71.png",
         "id" : "49513d4f8672afe9a3d9f407d24adb7488add2d9",
         "name" : "LA BOUTIQUE de Joel Robuchon Marunouchi Store",
         "opening_hours" : {
            "open_now" : true
         },
         "photos" : [
            {
               "height" : 3265,
               "html_attributions" : [
                  "\u003ca href=\"https://maps.google.com/maps/contrib/115673532844084296324\"\u003eNegra Selva\u003c/a\u003e"
               ],
               "photo_reference" : "CmRaAAAA8jceYvBkO6AQCntPBO-nlOEBfjhg7_AvOhuC3vGCX83S6l8YL-RqMcce3-8C76xxr3wvIbRVKfOnBTllooutNYkg-C9xQSIHyVWRZjDwoRDIVfxmoGjY1nwDSK-GuR91EhD7-7AwViRgR68pLVhaZMFMGhRv6cqNAtT_02AH5DQS6ToCDTitPg",
               "width" : 4898
            }
         ],
         "place_id" : "ChIJewLRDPqLGGARwlEI4KYTcPc",
         "plus_code" : {
            "compound_code" : "MQH7+H6 Chiyoda City, Tokyo, Japan",
            "global_code" : "8Q7XMQH7+H6"
         },
         "price_level" : 2,
         "rating" : 3.8,
         "reference" : "ChIJewLRDPqLGGARwlEI4KYTcPc",
         "scope" : "GOOGLE",
         "types" : [
            "bakery",
            "cafe",
            "food",
            "point_of_interest",
            "store",
            "establishment"
         ],
         "user_ratings_total" : 243,
         "vicinity" : "ブリックスクエア 1F, 2 Chome-6−１ Marunouchi, Chiyoda City"
      },
      {
         "business_status" : "OPERATIONAL",
         "geometry" : {
            "location" : {
               "lat" : 35.6816804,
               "lng" : 139.7689161
            },
            "viewport" : {
               "northeast" : {
                  "lat" : 35.6830293802915,
                  "lng" : 139.7702650802915
               },
               "southwest" : {
                  "lat" : 35.6803314197085,
                  "lng" : 139.7675671197085
               }
            }
         },
         "icon" : "https://maps.gstatic.com/mapfiles/place_api/icons/restaurant-71.png",
         "id" : "93f539f42cfa77be6ada9d5be34a3b8a13013e77",
         "name" : "N.Y.C.SAND 大丸東京店",
         "opening_hours" : {
            "open_now" : true
         },
         "photos" : [
            {
               "height" : 3000,
               "html_attributions" : [
                  "\u003ca href=\"https://maps.google.com/maps/contrib/103570013214770144194\"\u003eざえぶり\u003c/a\u003e"
               ],
               "photo_reference" : "CmRaAAAAcvHNJBFrZSRIMDgPhIyrcsFXpd3NZjXGJ0Km9tPXQqOFAbv3ScF2fj3S4k4GaNt_5gxMYA3kfDn6J5locigVmnj1H693UERDC_1za2CIfHfbDyNWdVNYxvRiKKwAKD3wEhA_Y2e1D_z1Is3f0XnXqbCrGhRlKW9aXMQkRE-Ys0tO_ZZkm7Fucg",
               "width" : 5333
            }
         ],
         "place_id" : "ChIJGeYlX_mLGGARKhlDg4Evz2E",
         "plus_code" : {
            "compound_code" : "MQJ9+MH Chiyoda City, Tokyo, Japan",
            "global_code" : "8Q7XMQJ9+MH"
         },
         "price_level" : 3,
         "rating" : 4,
         "reference" : "ChIJGeYlX_mLGGARKhlDg4Evz2E",
         "scope" : "GOOGLE",
         "types" : [ "bakery", "food", "point_of_interest", "store", "establishment" ],
         "user_ratings_total" : 278,
         "vicinity" : "1 Chome-9-1 Marunouchi, Chiyoda City"
      },
      {
         "business_status" : "OPERATIONAL",
         "geometry" : {
            "location" : {
               "lat" : 35.6713428,
               "lng" : 139.7654368
            },
            "viewport" : {
               "northeast" : {
                  "lat" : 35.6727137302915,
                  "lng" : 139.7666739302915
               },
               "southwest" : {
                  "lat" : 35.6700157697085,
                  "lng" : 139.7639759697085
               }
            }
         },
         "icon" : "https://maps.gstatic.com/mapfiles/place_api/icons/restaurant-71.png",
         "id" : "f79f9122adb226fa55d40bd3608d26318cab8186",
         "name" : "Ladurée Tokyo Ginza",
         "opening_hours" : {
            "open_now" : true
         },
         "photos" : [
            {
               "height" : 3024,
               "html_attributions" : [
                  "\u003ca href=\"https://maps.google.com/maps/contrib/111344344464059623474\"\u003eJason\u003c/a\u003e"
               ],
               "photo_reference" : "CmRaAAAAiI-nvtcoEiHNnUYwkwxFxih4rZUyr0TRGkNLUvpe-8zcL2pzsdoNPExL9qDVybJG1zHz9U-llw2Z1gIwRzBDWKnndbtBkVG2_0CS-vprcE5dFW0_eSRgXICblBCixKCGEhAxux6WT1GWEssPgnVTfIsNGhSrX74_h03cFYHw3XaeZJmMr7XrKQ",
               "width" : 4032
            }
         ],
         "place_id" : "ChIJO8iZiOaLGGAR2LHU0udcriY",
         "plus_code" : {
            "compound_code" : "MQC8+G5 Chuo City, Tokyo, Japan",
            "global_code" : "8Q7XMQC8+G5"
         },
         "price_level" : 3,
         "rating" : 4.2,
         "reference" : "ChIJO8iZiOaLGGAR2LHU0udcriY",
         "scope" : "GOOGLE",
         "types" : [ "bakery", "food", "point_of_interest", "store", "establishment" ],
         "user_ratings_total" : 349,
         "vicinity" : "三越銀座店 2F, 4 Chome-6−１６ Ginza, Chuo City"
      },
      {
         "business_status" : "OPERATIONAL",
         "geometry" : {
            "location" : {
               "lat" : 35.6800612,
               "lng" : 139.7671011
            },
            "viewport" : {
               "northeast" : {
                  "lat" : 35.68141018029149,
                  "lng" : 139.7684500802915
               },
               "southwest" : {
                  "lat" : 35.67871221970849,
                  "lng" : 139.7657521197085
               }
            }
         },
         "icon" : "https://maps.gstatic.com/mapfiles/place_api/icons/restaurant-71.png",
         "id" : "307def9ee793bfec3f6b51906ef84cb5f9135a08",
         "name" : "東京かみなりや",
         "opening_hours" : {
            "open_now" : true
         },
         "photos" : [
            {
               "height" : 2160,
               "html_attributions" : [
                  "\u003ca href=\"https://maps.google.com/maps/contrib/103542787240750949931\"\u003eちょこみんと\u003c/a\u003e"
               ],
               "photo_reference" : "CmRaAAAAM_y5pXg4oh7X0NU5mOtsp8Az2na4yVto-wDPE3yNAyHhifdtVyJ5IemzV5e5wNmrFTMAVM5MlMEdSxqzyN0Wl65MF_2LldeWynTBokt7U46kjU9Q2NOXcclSiPuONbsFEhCDs3PYO4mQlw6MoBmzhavoGhQDdNGb0oq5t5YtTSQzeWJtJmdOnA",
               "width" : 3840
            }
         ],
         "place_id" : "ChIJGeYlX_mLGGARAiYcROaInwk",
         "plus_code" : {
            "compound_code" : "MQJ8+2R Chiyoda City, Tokyo, Japan",
            "global_code" : "8Q7XMQJ8+2R"
         },
         "rating" : 3.8,
         "reference" : "ChIJGeYlX_mLGGARAiYcROaInwk",
         "scope" : "GOOGLE",
         "types" : [ "bakery", "food", "point_of_interest", "store", "establishment" ],
         "user_ratings_total" : 50,
         "vicinity" : "1 Chome-9-1 Marunouchi, Chiyoda City"
      },
      {
         "business_status" : "OPERATIONAL",
         "geometry" : {
            "location" : {
               "lat" : 35.673755,
               "lng" : 139.7671648
            },
            "viewport" : {
               "northeast" : {
                  "lat" : 35.6751039802915,
                  "lng" : 139.7685137802915
               },
               "southwest" : {
                  "lat" : 35.6724060197085,
                  "lng" : 139.7658158197085
               }
            }
         },
         "icon" : "https://maps.gstatic.com/mapfiles/place_api/icons/cafe-71.png",
         "id" : "d287c5a6f8b924ceff68ac86e03e8294452e7a2b",
         "name" : "Suzu Cafe Ginza",
         "opening_hours" : {
            "open_now" : true
         },
         "photos" : [
            {
               "height" : 780,
               "html_attributions" : [
                  "\u003ca href=\"https://maps.google.com/maps/contrib/113704225729377913642\"\u003eスズカフェ銀座（SUZU CAFE）\u003c/a\u003e"
               ],
               "photo_reference" : "CmRaAAAAsiEY4zNmuNze8w5uF81s-PXkN_ooKgSx17uqSVw_NwyG6sCo3ApUkbDb3jrG5iZRuH4YpD1tfsut2JuiEtvMl9SsQ6zpK_c9oV4ncI6BvhtvB8-UwOG6Z639jZvGBrMpEhAchlqSYCCsIyMc5E9GYsTDGhT8UFmFaL-KeqduFnqs_4SUxmSfBg",
               "width" : 1387
            }
         ],
         "place_id" : "ChIJWWX-DOSLGGAR6RZhKyx1f6s",
         "plus_code" : {
            "compound_code" : "MQF8+GV Chuo City, Tokyo, Japan",
            "global_code" : "8Q7XMQF8+GV"
         },
         "price_level" : 2,
         "rating" : 3.7,
         "reference" : "ChIJWWX-DOSLGGAR6RZhKyx1f6s",
         "scope" : "GOOGLE",
         "types" : [
            "cafe",
            "bakery",
            "restaurant",
            "food",
            "point_of_interest",
            "store",
            "establishment"
         ],
         "user_ratings_total" : 295,
         "vicinity" : "GINZA TRECIOUS 6F, 2 Chome-6−５ Ginza, Chuo City"
      },
      {
         "business_status" : "OPERATIONAL",
         "geometry" : {
            "location" : {
               "lat" : 35.6721242,
               "lng" : 139.7661835
            },
            "viewport" : {
               "northeast" : {
                  "lat" : 35.6734731802915,
                  "lng" : 139.7675324802915
               },
               "southwest" : {
                  "lat" : 35.6707752197085,
                  "lng" : 139.7648345197085
               }
            }
         },
         "icon" : "https://maps.gstatic.com/mapfiles/place_api/icons/restaurant-71.png",
         "id" : "dde8dcd1440872036138eabeb06e8f4ecd541499",
         "name" : "PIERRE HERMÉ Matsuya Ginza Store",
         "opening_hours" : {
            "open_now" : true
         },
         "photos" : [
            {
               "height" : 1200,
               "html_attributions" : [
                  "\u003ca href=\"https://maps.google.com/maps/contrib/110432859794004341632\"\u003eusaharu\u003c/a\u003e"
               ],
               "photo_reference" : "CmRaAAAAq7pFNKrGS6N67K6TWVpUpry_LApv8eRv2txqJQWVs56EYk0rfbm08bLiHU0_WpLogns1hW9fscHKitdbI7FTTHOxZU_8OYdlL92bSkb95aPAmNO5qpR5dX9wS1C0tXhlEhD9adoZLDFrFaLC3xz63l9vGhSDZYhiQ4LDfaQtv0yp9YZ326Ms-Q",
               "width" : 1600
            }
         ],
         "place_id" : "ChIJm88ToeaLGGARrm_LSQW3qwo",
         "plus_code" : {
            "compound_code" : "MQC8+RF Chuo City, Tokyo, Japan",
            "global_code" : "8Q7XMQC8+RF"
         },
         "rating" : 4.2,
         "reference" : "ChIJm88ToeaLGGARrm_LSQW3qwo",
         "scope" : "GOOGLE",
         "types" : [ "bakery", "food", "point_of_interest", "store", "establishment" ],
         "user_ratings_total" : 19,
         "vicinity" : "B1F, 3 Chome-6−１ Ginza, Chuo City"
      },
      {
         "business_status" : "OPERATIONAL",
         "geometry" : {
            "location" : {
               "lat" : 35.6681,
               "lng" : 139.7593472
            },
            "viewport" : {
               "northeast" : {
                  "lat" : 35.6694489802915,
                  "lng" : 139.7606961802915
               },
               "southwest" : {
                  "lat" : 35.6667510197085,
                  "lng" : 139.7579982197085
               }
            }
         },
         "icon" : "https://maps.gstatic.com/mapfiles/place_api/icons/restaurant-71.png",
         "id" : "d6fffeb6df72d439775a22d992fa583f8fe288c3",
         "name" : "Mister Donut",
         "opening_hours" : {
            "open_now" : true
         },
         "photos" : [
            {
               "height" : 3024,
               "html_attributions" : [
                  "\u003ca href=\"https://maps.google.com/maps/contrib/101175419930053455440\"\u003eTeresa Vo\u003c/a\u003e"
               ],
               "photo_reference" : "CmRaAAAAPcMmZ1VDXLl03WrzqzfudusSspCiRxI_vYx7Lbk0U5_jottW1jh2hrlyXK2IvkM4TOF3kaqSN5ChrkPxo_Lkd_U7ghn9YYkeySXRPU9WLDfdjFRDZbVxI53xNDhzKV1vEhA_kE1_cUKMBBVhyqbsBTn0GhRrjYVniQ-mRqH2yxALHpmbSb_XwA",
               "width" : 4032
            }
         ],
         "place_id" : "ChIJpzUNcOiLGGARUQOM_xDPTZ4",
         "plus_code" : {
            "compound_code" : "MQ95+6P Chuo City, Tokyo, Japan",
            "global_code" : "8Q7XMQ95+6P"
         },
         "price_level" : 2,
         "rating" : 3.6,
         "reference" : "ChIJpzUNcOiLGGARUQOM_xDPTZ4",
         "scope" : "GOOGLE",
         "types" : [
            "bakery",
            "meal_takeaway",
            "restaurant",
            "food",
            "point_of_interest",
            "store",
            "establishment"
         ],
         "user_ratings_total" : 418,
         "vicinity" : "銀座ナイン１号館, 1F, 8 Chome-5−５番地先 Ginza, Chuo City"
      },
      {
         "business_status" : "OPERATIONAL",
         "geometry" : {
            "location" : {
               "lat" : 35.6736302,
               "lng" : 139.7650092
            },
            "viewport" : {
               "northeast" : {
                  "lat" : 35.6749791802915,
                  "lng" : 139.7663581802915
               },
               "southwest" : {
                  "lat" : 35.6722812197085,
                  "lng" : 139.7636602197085
               }
            }
         },
         "icon" : "https://maps.gstatic.com/mapfiles/place_api/icons/restaurant-71.png",
         "id" : "0f2671ed53eb8c6a6706c8a20601dd1d133079e6",
         "name" : "Boulangerie Patisserie Français Bigot Douce France",
         "opening_hours" : {
            "open_now" : true
         },
         "photos" : [
            {
               "height" : 2432,
               "html_attributions" : [
                  "\u003ca href=\"https://maps.google.com/maps/contrib/100954265377606429791\"\u003eビゴの店 ドゥースフランス\u003c/a\u003e"
               ],
               "photo_reference" : "CmRaAAAAtdEmMiFInQzX_I0tNCuoQwQcHP_u_Waf3Fn1gPDDs1aF0Ul3ooc4HQ8ErNbFCxoXdycvm2oh26I_LyCmUkTHcH5wy2kor2ys43ZJFuFj-i8DjBkS11HmULovKrvKvgLvEhDMEKinY5VG2nmV4acMNYjHGhRkTQz3o50QGZUJlGk098MugYfNiA",
               "width" : 3648
            }
         ],
         "place_id" : "ChIJX0R9rOWLGGARooGzVeiqb2Q",
         "plus_code" : {
            "compound_code" : "MQF8+F2 Chuo City, Tokyo, Japan",
            "global_code" : "8Q7XMQF8+F2"
         },
         "price_level" : 2,
         "rating" : 4.1,
         "reference" : "ChIJX0R9rOWLGGARooGzVeiqb2Q",
         "scope" : "GOOGLE",
         "types" : [ "bakery", "food", "point_of_interest", "store", "establishment" ],
         "user_ratings_total" : 109,
         "vicinity" : "銀座マロニエゲートMG2 B2F, 3 Chome-2−１ Ginza, Chuo City"
      },
      {
         "business_status" : "OPERATIONAL",
         "geometry" : {
            "location" : {
               "lat" : 35.6807653,
               "lng" : 139.7661451
            },
            "viewport" : {
               "northeast" : {
                  "lat" : 35.68211428029149,
                  "lng" : 139.7674940802915
               },
               "southwest" : {
                  "lat" : 35.6794163197085,
                  "lng" : 139.7647961197085
               }
            }
         },
         "icon" : "https://maps.gstatic.com/mapfiles/place_api/icons/restaurant-71.png",
         "id" : "a52a3a32304c1627b742f998cf6e1924fa791319",
         "name" : "ANDERSEN ecute Tokyo Store",
         "opening_hours" : {
            "open_now" : true
         },
         "photos" : [
            {
               "height" : 3000,
               "html_attributions" : [
                  "\u003ca href=\"https://maps.google.com/maps/contrib/103783426711741862624\"\u003e3 asa\u003c/a\u003e"
               ],
               "photo_reference" : "CmRaAAAAe7pqtrp24tPXp3eALx1lm6z-XgRBMKzIlxpcL6Z9ukfXKMHNp5_1Wf0p14Tzdg_7LX_nkZPC3AQ9OHYnF4Ki6fO1sMHq1ddXsmopyo-a45qmLih6pXqBClo3GSCdOVGrEhDioK-d8rh3wY02J0rxhjHrGhSZwao5h-f3qrhzZcdyMkEWhebIDg",
               "width" : 5333
            }
         ],
         "place_id" : "ChIJV2Lf6fuLGGAR02TYp9Ebw3w",
         "plus_code" : {
            "compound_code" : "MQJ8+8F Chiyoda City, Tokyo, Japan",
            "global_code" : "8Q7XMQJ8+8F"
         },
         "price_level" : 2,
         "rating" : 3.9,
         "reference" : "ChIJV2Lf6fuLGGAR02TYp9Ebw3w",
         "scope" : "GOOGLE",
         "types" : [ "bakery", "food", "point_of_interest", "store", "establishment" ],
         "user_ratings_total" : 35,
         "vicinity" : "サウスコートエキュート内, 1 Chome-9−１ Marunouchi, Chiyoda City"
      },
      {
         "business_status" : "OPERATIONAL",
         "geometry" : {
            "location" : {
               "lat" : 35.681141,
               "lng" : 139.767186
            },
            "viewport" : {
               "northeast" : {
                  "lat" : 35.68248998029149,
                  "lng" : 139.7685349802915
               },
               "southwest" : {
                  "lat" : 35.67979201970849,
                  "lng" : 139.7658370197085
               }
            }
         },
         "icon" : "https://maps.gstatic.com/mapfiles/place_api/icons/restaurant-71.png",
         "id" : "ab503281fe3da6222d26c83be868b922e8548e1a",
         "name" : "Fairycake Fair",
         "opening_hours" : {
            "open_now" : true
         },
         "photos" : [
            {
               "height" : 3024,
               "html_attributions" : [
                  "\u003ca href=\"https://maps.google.com/maps/contrib/107945071981686897250\"\u003emari san\u003c/a\u003e"
               ],
               "photo_reference" : "CmRaAAAA8S4JT8GGJ5HbnR9XZOL0w7uEqztlLJ5mEkC4s8-Eyj8HKzQHXI3MDmoWg7aiT4B71J06SADGeFJka02OUCceuYoXdE_PjQv7B4A4lcdKmfqJuB1hWGzbjzX5vv0BQ-uDEhCsB7fBuaoBSPypGpfVy5RdGhTCQmtVT57Qcn9tA8RLBL9Ux7tDVQ",
               "width" : 4032
            }
         ],
         "place_id" : "ChIJtxODuv6LGGARiZ5iI4yPOuw",
         "plus_code" : {
            "compound_code" : "MQJ8+FV Chiyoda City, Tokyo, Japan",
            "global_code" : "8Q7XMQJ8+FV"
         },
         "rating" : 3.6,
         "reference" : "ChIJtxODuv6LGGARiZ5iI4yPOuw",
         "scope" : "GOOGLE",
         "types" : [
            "bakery",
            "cafe",
            "food",
            "point_of_interest",
            "store",
            "establishment"
         ],
         "user_ratings_total" : 46,
         "vicinity" : "東京駅構内グランスタ, 1 Chome-9−１ Marunouchi, Chiyoda City"
      },
      {
         "business_status" : "OPERATIONAL",
         "geometry" : {
            "location" : {
               "lat" : 35.6709805,
               "lng" : 139.7528209
            },
            "viewport" : {
               "northeast" : {
                  "lat" : 35.67232948029149,
                  "lng" : 139.7541698802915
               },
               "southwest" : {
                  "lat" : 35.6696315197085,
                  "lng" : 139.7514719197085
               }
            }
         },
         "icon" : "https://maps.gstatic.com/mapfiles/place_api/icons/restaurant-71.png",
         "id" : "66cb351b0cfffca65dcb682c5cce4642091b5f8c",
         "name" : "サンドッグイン霞ヶ関飯野ビル店",
         "opening_hours" : {
            "open_now" : true
         },
         "photos" : [
            {
               "height" : 1440,
               "html_attributions" : [
                  "\u003ca href=\"https://maps.google.com/maps/contrib/105968702533673812702\"\u003e野乃原結\u003c/a\u003e"
               ],
               "photo_reference" : "CmRaAAAAzEZsvMxFgrdworG-o2GdLiCNwlUC9r4cena6v-73edJER6swgcfzv7UQlMhyDgoqyH-ESHl1kmCJsR8wyaoAz0ddwZWXMNmw-yj0CQHLhlCH2l1B6s2lh0WXBNXtlCFCEhBHPSVIOSj5O2ZchWmji189GhSJl2rxe7qi5wjfbPY1ZDYL8OSjCA",
               "width" : 2560
            }
         ],
         "place_id" : "ChIJbaPtUe2LGGARyoP1bzghfeA",
         "plus_code" : {
            "compound_code" : "MQC3+94 Chiyoda City, Tokyo, Japan",
            "global_code" : "8Q7XMQC3+94"
         },
         "price_level" : 1,
         "rating" : 3.7,
         "reference" : "ChIJbaPtUe2LGGARyoP1bzghfeA",
         "scope" : "GOOGLE",
         "types" : [ "bakery", "food", "point_of_interest", "store", "establishment" ],
         "user_ratings_total" : 29,
         "vicinity" : "飯野ビルディング内, 地下1階, 2 Chome-1−１ Uchisaiwaichō, Chiyoda City"
      },
      {
         "business_status" : "OPERATIONAL",
         "geometry" : {
            "location" : {
               "lat" : 35.6721083,
               "lng" : 139.7662562
            },
            "viewport" : {
               "northeast" : {
                  "lat" : 35.67345728029149,
                  "lng" : 139.7676051802915
               },
               "southwest" : {
                  "lat" : 35.67075931970849,
                  "lng" : 139.7649072197085
               }
            }
         },
         "icon" : "https://maps.gstatic.com/mapfiles/place_api/icons/restaurant-71.png",
         "id" : "90337093fb9bafedb7b043648f62bc75ce02c479",
         "name" : "Chianti",
         "photos" : [
            {
               "height" : 2160,
               "html_attributions" : [
                  "\u003ca href=\"https://maps.google.com/maps/contrib/109940800957381532089\"\u003eＣ egg\u003c/a\u003e"
               ],
               "photo_reference" : "CmRaAAAAB2J_eXMdgTquYFijM3Gyx28rTh7imvNI_NtEq1dw7xYZWaUy6mEI6RZc_vzHL591BuhRh9eJUdWYy_H9bD4neVtMaOfktVifyyKOoctqkJNeFTFtPj4DMN7LceOeE65qEhDPcK_XOMHZmpwndy0BDAOBGhSYO4jE3Xe9Ee05B-AOUroQKmuJvA",
               "width" : 3840
            }
         ],
         "place_id" : "ChIJm88ToeaLGGARBBK4Yew1r6Y",
         "plus_code" : {
            "compound_code" : "MQC8+RG Chuo City, Tokyo, Japan",
            "global_code" : "8Q7XMQC8+RG"
         },
         "price_level" : 2,
         "rating" : 3.1,
         "reference" : "ChIJm88ToeaLGGARBBK4Yew1r6Y",
         "scope" : "GOOGLE",
         "types" : [ "bakery", "food", "point_of_interest", "store", "establishment" ],
         "user_ratings_total" : 14,
         "vicinity" : "松屋銀座 6F, 3 Chome-6−１ Ginza, Chuo City"
      },
      {
         "business_status" : "OPERATIONAL",
         "geometry" : {
            "location" : {
               "lat" : 35.6721095,
               "lng" : 139.7663508
            },
            "viewport" : {
               "northeast" : {
                  "lat" : 35.67345848029149,
                  "lng" : 139.7676997802915
               },
               "southwest" : {
                  "lat" : 35.67076051970849,
                  "lng" : 139.7650018197085
               }
            }
         },
         "icon" : "https://maps.gstatic.com/mapfiles/place_api/icons/restaurant-71.png",
         "id" : "9a5d09a03a086f0afe09b8abf23d050fc09ca33c",
         "name" : "ユーハイム 松屋銀座本店",
         "place_id" : "ChIJ5UsboeaLGGARNFNQaftdlt8",
         "plus_code" : {
            "compound_code" : "MQC8+RG Chuo City, Tokyo, Japan",
            "global_code" : "8Q7XMQC8+RG"
         },
         "reference" : "ChIJ5UsboeaLGGARNFNQaftdlt8",
         "scope" : "GOOGLE",
         "types" : [ "bakery", "food", "point_of_interest", "store", "establishment" ],
         "vicinity" : "松屋銀座, 3 Chome-6−１ Ginza, Chuo City"
      },
      {
         "business_status" : "OPERATIONAL",
         "geometry" : {
            "location" : {
               "lat" : 35.67121400000001,
               "lng" : 139.7659268
            },
            "viewport" : {
               "northeast" : {
                  "lat" : 35.6725629802915,
                  "lng" : 139.7672757802915
               },
               "southwest" : {
                  "lat" : 35.6698650197085,
                  "lng" : 139.7645778197085
               }
            }
         },
         "icon" : "https://maps.gstatic.com/mapfiles/place_api/icons/restaurant-71.png",
         "id" : "e8e6f2c170aceae70fb7caa252c7eb5dea30019e",
         "name" : "Wa・Bi・Sa",
         "opening_hours" : {
            "open_now" : true
         },
         "photos" : [
            {
               "height" : 2448,
               "html_attributions" : [
                  "\u003ca href=\"https://maps.google.com/maps/contrib/117294368366339487001\"\u003eK\u003c/a\u003e"
               ],
               "photo_reference" : "CmRaAAAAXvt7-dCMKB8sX3ZpTpJvuYFFy-U3etrsLiZUkGCe8hkv93dfANX3iXxkrIS-GtK-ge5ji01LJNidFD2ztIRRfBxiOhekMmgnFY8gCEsc9UgfSll2c2U4i9u73wXXiUbfEhA2Ue_D7FK7f7u3SepEV4ExGhS0naMxQrB4nvBkjodvdlC3c-UvsQ",
               "width" : 3264
            }
         ],
         "place_id" : "ChIJCf8skOaLGGARSCvnrtM_Q8M",
         "plus_code" : {
            "compound_code" : "MQC8+F9 Chuo City, Tokyo, Japan",
            "global_code" : "8Q7XMQC8+F9"
         },
         "reference" : "ChIJCf8skOaLGGARSCvnrtM_Q8M",
         "scope" : "GOOGLE",
         "types" : [ "bakery", "food", "point_of_interest", "store", "establishment" ],
         "vicinity" : "Japan"
      }
   ],
   "status" : "OK"
}
